{
  "image": "mcr.microsoft.com/devcontainers/base:ubuntu",
  "features": {
    "ghcr.io/shyim/devcontainers-features/symfony-cli:0": {},
    "ghcr.io/shyim/devcontainers-features/php:0": {
      "version": "8.2"
    },
  },
  "updateContentCommand": {
    "composer install": ["composer", "install"],
    "importmap:install": ["symfony", "console", "importmap:install"]
  },
  "postAttachCommand": {
    "server": "symfony server:start",
    "sass build": ["symfony", "console", "sass:build", "-w"]
  }
}
