{
    "app": {
        "path": "\/assets\/app-e017652ced62d8795ae37b7764e7b069.js",
        "type": "js"
    },
    "\/assets\/styles\/app.css": {
        "path": "\/assets\/styles\/app-cac2f9633dcb0441d1213d3a962a55ac.css",
        "type": "css"
    },
    "\/assets\/js\/highlight.js": {
        "path": "\/assets\/js\/highlight-a71b67e2fd6becc44c2607a94a5f4f28.js",
        "type": "js"
    },
    "\/assets\/js\/doclinks.js": {
        "path": "\/assets\/js\/doclinks-f884d74f308a4bb3c291d4f9e612fa56.js",
        "type": "js"
    },
    "\/assets\/bootstrap.js": {
        "path": "\/assets\/bootstrap-97656ab68e522ab9732b853e32a2116f.js",
        "type": "js"
    },
    "\/assets\/@symfony\/stimulus-bundle\/controllers.js": {
        "path": "\/assets\/@symfony\/stimulus-bundle\/controllers-6fc8d5aea78665c469594a702fe89d6f.js",
        "type": "js"
    },
    "\/assets\/@symfony\/ux-live-component\/live_controller.js": {
        "path": "\/assets\/@symfony\/ux-live-component\/live_controller-2eaed567fb7a1d38c2a8d5b8b2f12bd6.js",
        "type": "js"
    },
    "\/assets\/@symfony\/ux-live-component\/live.min.css": {
        "path": "\/assets\/@symfony\/ux-live-component\/live.min-5108f988fb2a3dbb292d6feebc9db7e8.css",
        "type": "css"
    },
    "\/assets\/controllers\/login-controller.js": {
        "path": "\/assets\/controllers\/login-controller-17a18c76f5a844dbf66dfd5f73393419.js",
        "type": "js"
    },
    "\/assets\/js\/flatpicker.js": {
        "path": "\/assets\/js\/flatpicker-a7194103b37c8a1641969cc2dfb0dcba.js",
        "type": "js"
    },
    "admin": {
        "path": "\/assets\/admin-ead220e2acdd2d7ea45fb1a8963ace46.js",
        "type": "js"
    },
    "\/assets\/styles\/admin.css": {
        "path": "\/assets\/styles\/admin-4ef4a4cd4918b3637b39f8f7eca3fbdd.css",
        "type": "css"
    },
    "\/assets\/js\/jquery_global.js": {
        "path": "\/assets\/js\/jquery_global-7285a6ebce22ae8cd9c763944284804d.js",
        "type": "js"
    },
    "\/assets\/styles\/bootstrap-tagsinput.css": {
        "path": "\/assets\/styles\/bootstrap-tagsinput-9865ccbfc233b90c5dcea3c342f2f279.css",
        "type": "css"
    },
    "@hotwired\/stimulus": {
        "path": "\/assets\/vendor\/@hotwired\/stimulus\/stimulus.index-b5b1d00e42695b8959b4a1e94e3bc92a.js",
        "type": "js"
    },
    "bootstrap\/js\/dist\/alert": {
        "path": "\/assets\/vendor\/bootstrap\/js\/dist\/alert-f730ae1450824e3b5402743dc5a90a2b.js",
        "type": "js"
    },
    "bootstrap\/dist\/css\/bootstrap.min.css": {
        "path": "\/assets\/vendor\/bootstrap\/dist\/css\/bootstrap.min-809e2cb2e2f8c1701b461d60c5580e67.css",
        "type": "css"
    },
    "jquery": {
        "path": "\/assets\/vendor\/jquery\/jquery.index-fb3b33d7311be80ac8aa5c367205beba.js",
        "type": "js"
    },
    "highlight.js\/lib\/core": {
        "path": "\/assets\/vendor\/highlight.js\/lib\/core-760145ef158caabe84ca07686407d093.js",
        "type": "js"
    },
    "highlight.js\/lib\/languages\/php": {
        "path": "\/assets\/vendor\/highlight.js\/lib\/languages\/php-c0eb2105c14097e8a5a1e9a767e8ac95.js",
        "type": "js"
    },
    "highlight.js\/lib\/languages\/twig": {
        "path": "\/assets\/vendor\/highlight.js\/lib\/languages\/twig-0f3c6d18c0368650898b432b7bcf672a.js",
        "type": "js"
    },
    "@symfony\/stimulus-bundle": {
        "path": "\/assets\/@symfony\/stimulus-bundle\/loader-e1ee9ace0562f2e6a52301e4ccc8627d.js",
        "type": "js"
    },
    "flatpickr": {
        "path": "\/assets\/vendor\/flatpickr\/flatpickr.index-1be898580ea949a0f6531db692a5862a.js",
        "type": "js"
    },
    "flatpickr\/dist\/l10n": {
        "path": "\/assets\/vendor\/flatpickr\/dist\/l10n-808486e3c5669bee912933787dc25e7c.js",
        "type": "js"
    },
    "flatpickr\/dist\/flatpickr.min.css": {
        "path": "\/assets\/vendor\/flatpickr\/dist\/flatpickr.min-f561804f3afc77a69137806e7aa8e72c.css",
        "type": "css"
    },
    "bootstrap\/js\/dist\/collapse": {
        "path": "\/assets\/vendor\/bootstrap\/js\/dist\/collapse-7e455d37bd09fa9b1848bd2df4c47b1f.js",
        "type": "js"
    },
    "bootstrap\/js\/dist\/dropdown": {
        "path": "\/assets\/vendor\/bootstrap\/js\/dist\/dropdown-0d5bd557f440e9c637e08032e44b116a.js",
        "type": "js"
    },
    "bootstrap\/js\/dist\/tab": {
        "path": "\/assets\/vendor\/bootstrap\/js\/dist\/tab-c889330ce47dbcebac4ef4ac30e0e2ab.js",
        "type": "js"
    },
    "bootstrap\/js\/dist\/modal": {
        "path": "\/assets\/vendor\/bootstrap\/js\/dist\/modal-12e1963ff47770a13f27ce29550926b9.js",
        "type": "js"
    },
    "highlight.js\/styles\/github-dark-dimmed.css": {
        "path": "\/assets\/vendor\/highlight.js\/styles\/github-dark-dimmed-8997a0201faa672e899face633ac8143.css",
        "type": "css"
    },
    "@fortawesome\/fontawesome-free\/css\/all.css": {
        "path": "\/assets\/vendor\/@fortawesome\/fontawesome-free\/css\/all-e1a45ccbbd9c7aedab74ad962e776e33.css",
        "type": "css"
    },
    "lato-font\/css\/lato-font.css": {
        "path": "\/assets\/vendor\/lato-font\/css\/lato-font-cf82d972223b604884cdee5076d80fe3.css",
        "type": "css"
    },
    "@fortawesome\/fontawesome-free\/css\/v4-shims.css": {
        "path": "\/assets\/vendor\/@fortawesome\/fontawesome-free\/css\/v4-shims-48713f90f5f14ee73c965e5cafc11cb4.css",
        "type": "css"
    },
    "popper.js": {
        "path": "\/assets\/vendor\/popper.js\/popper.js.index-665ebaad4bfd0bea267de4fbef9f78e8.js",
        "type": "js"
    },
    "typeahead.js": {
        "path": "\/assets\/vendor\/typeahead.js\/typeahead.js.index-509c0af104071392e047d409770df2db.js",
        "type": "js"
    },
    "bloodhound-js": {
        "path": "\/assets\/vendor\/bloodhound-js\/bloodhound-js.index-de5eb00d25922a14f11cb6cbf27136fe.js",
        "type": "js"
    },
    "object-assign": {
        "path": "\/assets\/vendor\/object-assign\/object-assign.index-ece01d056f7aa0dcdcca3314229d912c.js",
        "type": "js"
    },
    "es6-promise": {
        "path": "\/assets\/vendor\/es6-promise\/es6-promise.index-e316bf2c641c1729bdf3fb327f078677.js",
        "type": "js"
    },
    "storage2": {
        "path": "\/assets\/vendor\/storage2\/storage2.index-19e50662d6b342e07a3da1943f6023d6.js",
        "type": "js"
    },
    "superagent": {
        "path": "\/assets\/vendor\/superagent\/superagent.index-4964affcd862f33fd5be46e7a258fa7f.js",
        "type": "js"
    },
    "component-emitter": {
        "path": "\/assets\/vendor\/component-emitter\/component-emitter.index-12b03b670e280b44123f00a158b20c33.js",
        "type": "js"
    },
    "bootstrap-tagsinput": {
        "path": "\/assets\/vendor\/bootstrap-tagsinput\/bootstrap-tagsinput.index-e84bc007352749efe11f90baf9b8da0b.js",
        "type": "js"
    }
}